filename,imported_day,confirmed_year,confirmed_day,desired_position
/legacy/images/dayone/dayone1.jpeg,Day 1,,,
/legacy/images/dayone/dayone2.jpeg,Day 1,,,
/legacy/images/dayone/dayone3.jpeg,Day 1,,,
/legacy/images/dayone/dayone4.jpeg,Day 1,,,
/legacy/images/dayone/dayone5.jpeg,Day 1,,,
/legacy/images/dayone/dayone6.jpeg,Day 1,,,
/legacy/images/dayone/dayone7.jpeg,Day 1,,,
/legacy/images/dayone/dayone8.jpeg,Day 1,,,
/legacy/images/dayone/dayone9.jpeg,Day 1,,,
/legacy/images/dayone/dayone10.jpeg,Day 1,,,
/legacy/images/dayone/dayone11.jpeg,Day 1,,,
/legacy/images/dayone/dayone12.jpeg,Day 1,,,
/legacy/images/dayone/dayone13.jpeg,Day 1,,,
/legacy/images/dayone/dayone14.jpeg,Day 1,,,
/legacy/images/dayone/dayone15.jpeg,Day 1,,,
/legacy/images/dayone/dayone16.jpeg,Day 1,,,
/legacy/images/dayone/dayone17.jpeg,Day 1,,,
/legacy/images/dayone/dayone18.jpeg,Day 1,,,
/legacy/images/daytwo/daytwo.jpeg,Day 2,,,
/legacy/images/daytwo/daytwo2.jpeg,Day 2,,,
/legacy/images/daytwo/daytwo3.jpeg,Day 2,,,
/legacy/images/daytwo/daytwo4.jpeg,Day 2,,,
/legacy/images/daytwo/daytwo5.jpeg,Day 2,,,
/legacy/images/daytwo/daytwo6.jpeg,Day 2,,,
/legacy/images/daytwo/daytwo7.jpeg,Day 2,,,
/legacy/images/daytwo/daytwo8.jpeg,Day 2,,,
/legacy/images/daytwo/daytwo9.jpeg,Day 2,,,
/legacy/images/daytwo/daytwo10.jpeg,Day 2,,,
/legacy/images/daytwo/daytwo11.jpeg,Day 2,,,
/legacy/images/daytwo/daytwo12.jpeg,Day 2,,,
/legacy/images/daytwo/daytwo13.jpeg,Day 2,,,
/legacy/images/daytwo/daytwo14.jpeg,Day 2,,,
/legacy/images/daytwo/daytwo15.jpeg,Day 2,,,
/legacy/images/daytwo/daytwo16.jpeg,Day 2,,,
/legacy/images/daytwo/daytwo17.jpeg,Day 2,,,
/legacy/images/daytwo/daytwo18.jpeg,Day 2,,,
/legacy/images/daythree/daythree.jpeg,Day 3,,,
/legacy/images/daythree/daythree2.jpeg,Day 3,,,
/legacy/images/daythree/daythree3.jpeg,Day 3,,,
/legacy/images/daythree/daythree4.jpeg,Day 3,,,
/legacy/images/daythree/daythree5.jpeg,Day 3,,,
/legacy/images/daythree/daythree6.jpeg,Day 3,,,
/legacy/images/daythree/daythree7.jpeg,Day 3,,,
/legacy/images/daythree/daythree8.jpeg,Day 3,,,
/legacy/images/daythree/daythree9.jpeg,Day 3,,,
/legacy/images/daythree/daythree10.jpeg,Day 3,,,
/legacy/images/daythree/daythree11.jpeg,Day 3,,,
/legacy/images/daythree/daythree12.jpeg,Day 3,,,
/legacy/images/daythree/daythree13.jpeg,Day 3,,,
/legacy/images/daythree/daythree14.jpeg,Day 3,,,
/legacy/images/daythree/daythree15.jpeg,Day 3,,,