"File","SpeakerNames","AttendanceYears","Status"
"01.JPG","","","Unmatched - do not assign by appearance"
"02.jpg","","","Unmatched - do not assign by appearance"
"03.JPG","","","Unmatched - do not assign by appearance"
"04.JPG","","","Unmatched - do not assign by appearance"
"05.JPG","","","Unmatched - do not assign by appearance"
"06.JPG","","","Unmatched - do not assign by appearance"
"07.JPG","","","Unmatched - do not assign by appearance"
"08.JPG","","","Unmatched - do not assign by appearance"
"09.JPG","","","Unmatched - do not assign by appearance"
"10.JPG","","","Unmatched - do not assign by appearance"
"100.jpg","","","Unmatched - do not assign by appearance"
"101.jpg","","","Unmatched - do not assign by appearance"
"102.jpg","","","Unmatched - do not assign by appearance"
"103.jpg","","","Unmatched - do not assign by appearance"
"104..jpg","","","Unmatched - do not assign by appearance"
"105.jpg","","","Unmatched - do not assign by appearance"
"106.jpg","","","Unmatched - do not assign by appearance"
"107.jpg","","","Unmatched - do not assign by appearance"
"108.jpg","","","Unmatched - do not assign by appearance"
"11.JPG","","","Unmatched - do not assign by appearance"
"110.jpg","","","Unmatched - do not assign by appearance"
"112.jpg","","","Unmatched - do not assign by appearance"
"113..jpg","","","Unmatched - do not assign by appearance"
"113.jpg","","","Unmatched - do not assign by appearance"
"114.jpg","","","Unmatched - do not assign by appearance"
"115.jpg","","","Unmatched - do not assign by appearance"
"116.jpg","","","Unmatched - do not assign by appearance"
"119.jpg","","","Unmatched - do not assign by appearance"
"12.JPG","","","Unmatched - do not assign by appearance"
"120.jpg","","","Unmatched - do not assign by appearance"
"121.jpg","","","Unmatched - do not assign by appearance"
"122.JPG","","","Unmatched - do not assign by appearance"
"123.JPG","","","Unmatched - do not assign by appearance"
"124.jpg","","","Unmatched - do not assign by appearance"
"125.JPG","","","Unmatched - do not assign by appearance"
"126.JPG","","","Unmatched - do not assign by appearance"
"127.JPG","","","Unmatched - do not assign by appearance"
"128.JPG","","","Unmatched - do not assign by appearance"
"129.jpg","","","Unmatched - do not assign by appearance"
"13.JPG","","","Unmatched - do not assign by appearance"
"130.JPG","","","Unmatched - do not assign by appearance"
"131.JPG","","","Unmatched - do not assign by appearance"
"132.JPG","","","Unmatched - do not assign by appearance"
"134.JPG","","","Unmatched - do not assign by appearance"
"135.JPG","","","Unmatched - do not assign by appearance"
"136.JPG","","","Unmatched - do not assign by appearance"
"137.JPG","","","Unmatched - do not assign by appearance"
"138.jpg","","","Unmatched - do not assign by appearance"
"139.jpg","","","Unmatched - do not assign by appearance"
"140.JPG","","","Unmatched - do not assign by appearance"
"141.JPG","","","Unmatched - do not assign by appearance"
"142.JPG","","","Unmatched - do not assign by appearance"
"143.JPG","","","Unmatched - do not assign by appearance"
"144.JPG","","","Unmatched - do not assign by appearance"
"145.JPG","","","Unmatched - do not assign by appearance"
"146.JPG","","","Unmatched - do not assign by appearance"
"147.JPG","","","Unmatched - do not assign by appearance"
"148.JPG","","","Unmatched - do not assign by appearance"
"149.JPG","","","Unmatched - do not assign by appearance"
"15.JPG","","","Unmatched - do not assign by appearance"
"150.JPG","","","Unmatched - do not assign by appearance"
"151.JPG","","","Unmatched - do not assign by appearance"
"152.JPG","","","Unmatched - do not assign by appearance"
"153.JPG","","","Unmatched - do not assign by appearance"
"154.JPG","","","Unmatched - do not assign by appearance"
"156.JPG","","","Unmatched - do not assign by appearance"
"157.JPG","","","Unmatched - do not assign by appearance"
"158.JPG","","","Unmatched - do not assign by appearance"
"16.JPG","","","Unmatched - do not assign by appearance"
"17.JPG","","","Unmatched - do not assign by appearance"
"18.JPG","","","Unmatched - do not assign by appearance"
"19.JPG","","","Unmatched - do not assign by appearance"
"22.JPG","","","Unmatched - do not assign by appearance"
"23.JPG","","","Unmatched - do not assign by appearance"
"24.JPG","","","Unmatched - do not assign by appearance"
"25.jpg","","","Unmatched - do not assign by appearance"
"26.jpg","","","Unmatched - do not assign by appearance"
"27.JPG","","","Unmatched - do not assign by appearance"
"28.jpg","","","Unmatched - do not assign by appearance"
"29.jpg","","","Unmatched - do not assign by appearance"
"30.jpg","","","Unmatched - do not assign by appearance"
"31.jpg","","","Unmatched - do not assign by appearance"
"32.jpg","","","Unmatched - do not assign by appearance"
"34.jpg","","","Unmatched - do not assign by appearance"
"35.jpg","","","Unmatched - do not assign by appearance"
"36.jpg","","","Unmatched - do not assign by appearance"
"37.jpg","","","Unmatched - do not assign by appearance"
"38.jpg","","","Unmatched - do not assign by appearance"
"39.jpg","","","Unmatched - do not assign by appearance"
"40.jpg","","","Unmatched - do not assign by appearance"
"41.jpg","","","Unmatched - do not assign by appearance"
"42.jpg","","","Unmatched - do not assign by appearance"
"43.jpg","","","Unmatched - do not assign by appearance"
"44.jpg","","","Unmatched - do not assign by appearance"
"45.jpg","","","Unmatched - do not assign by appearance"
"46.jpg","","","Unmatched - do not assign by appearance"
"47.jpg","","","Unmatched - do not assign by appearance"
"48.jpg","","","Unmatched - do not assign by appearance"
"49.jpg","","","Unmatched - do not assign by appearance"
"50.jpg","","","Unmatched - do not assign by appearance"
"51.jpg","","","Unmatched - do not assign by appearance"
"52.jpg","","","Unmatched - do not assign by appearance"
"53.jpg","","","Unmatched - do not assign by appearance"
"54.jpg","","","Unmatched - do not assign by appearance"
"55.jpg","","","Unmatched - do not assign by appearance"
"56.jpg","","","Unmatched - do not assign by appearance"
"57.jpg","","","Unmatched - do not assign by appearance"
"58..jpg","","","Unmatched - do not assign by appearance"
"58.jpg","","","Unmatched - do not assign by appearance"
"59.jpg","","","Unmatched - do not assign by appearance"
"62.jpg","","","Unmatched - do not assign by appearance"
"63.jpg","","","Unmatched - do not assign by appearance"
"65.jpg","","","Unmatched - do not assign by appearance"
"66.jpg","","","Unmatched - do not assign by appearance"
"67.jpg","","","Unmatched - do not assign by appearance"
"68.jpg","","","Unmatched - do not assign by appearance"
"69.jpg","","","Unmatched - do not assign by appearance"
"70.jpg","","","Unmatched - do not assign by appearance"
"71.jpg","","","Unmatched - do not assign by appearance"
"72.jpg","","","Unmatched - do not assign by appearance"
"73.jpg","","","Unmatched - do not assign by appearance"
"74.jpg","","","Unmatched - do not assign by appearance"
"75.jpg","","","Unmatched - do not assign by appearance"
"76.jpg","","","Unmatched - do not assign by appearance"
"77.jpg","","","Unmatched - do not assign by appearance"
"78.jpg","","","Unmatched - do not assign by appearance"
"79.jpg","","","Unmatched - do not assign by appearance"
"80.jpg","","","Unmatched - do not assign by appearance"
"81.jpg","","","Unmatched - do not assign by appearance"
"82.jpg","","","Unmatched - do not assign by appearance"
"83.jpg","","","Unmatched - do not assign by appearance"
"84.jpg","","","Unmatched - do not assign by appearance"
"85.jpg","","","Unmatched - do not assign by appearance"
"87.jpg","","","Unmatched - do not assign by appearance"
"88.jpg","","","Unmatched - do not assign by appearance"
"89.jpg","","","Unmatched - do not assign by appearance"
"90.jpg","","","Unmatched - do not assign by appearance"
"91.jpg","","","Unmatched - do not assign by appearance"
"92.jpg","","","Unmatched - do not assign by appearance"
"93.jpg","","","Unmatched - do not assign by appearance"
"94.jpg","","","Unmatched - do not assign by appearance"
"95.jpg","","","Unmatched - do not assign by appearance"
"96.JPG","","","Unmatched - do not assign by appearance"
"97.jpg","","","Unmatched - do not assign by appearance"
"Youtube  thumbnail.png","","","Unmatched - do not assign by appearance"
"10th edition\LAGO1656.JPG","","","Unmatched - do not assign by appearance"
"10th edition\LAGO1686.JPG","","","Unmatched - do not assign by appearance"
"10th edition\LAGO1719.JPG","","","Unmatched - do not assign by appearance"
"10th edition\LAGO1738.JPG","","","Unmatched - do not assign by appearance"
"10th edition\LAGO1785.JPG","","","Unmatched - do not assign by appearance"
"10th edition\LAGO1817.JPG","","","Unmatched - do not assign by appearance"
"10th edition\LAGO1831.JPG","","","Unmatched - do not assign by appearance"
"10th edition\LAGO1940.JPG","","","Unmatched - do not assign by appearance"
"10th edition\LAGO1958.JPG","","","Unmatched - do not assign by appearance"
"10th edition\LAGO2033.JPG","","","Unmatched - do not assign by appearance"
"10th edition\LAGO2051.JPG","","","Unmatched - do not assign by appearance"
"10th edition\LAGO2077.JPG","","","Unmatched - do not assign by appearance"
"10th edition\LAGO2125.JPG","","","Unmatched - do not assign by appearance"
"10th edition\LAGO2150.JPG","","","Unmatched - do not assign by appearance"
"10th edition\LAGO2172.JPG","","","Unmatched - do not assign by appearance"
"10th edition\LAGO2184.JPG","","","Unmatched - do not assign by appearance"
"10th edition\LAGO2213.JPG","","","Unmatched - do not assign by appearance"
"10th edition\LAGO2227.JPG","","","Unmatched - do not assign by appearance"
"10th edition\LAGO2348.JPG","","","Unmatched - do not assign by appearance"
"10th edition\LAGO2374.JPG","","","Unmatched - do not assign by appearance"
"10th edition\LAGO2454.JPG","","","Unmatched - do not assign by appearance"
"10th edition\LAGO2531.JPG","","","Unmatched - do not assign by appearance"
"10th edition\LAGO2599.JPG","","","Unmatched - do not assign by appearance"
"10th edition\LAGO2609.JPG","","","Unmatched - do not assign by appearance"
"10th edition\LAGO2629.JPG","","","Unmatched - do not assign by appearance"
"10th edition\LAGO2637.JPG","","","Unmatched - do not assign by appearance"
"10th edition\LAGO2650.JPG","","","Unmatched - do not assign by appearance"
"10th edition\LAGO2703.JPG","","","Unmatched - do not assign by appearance"
"10th edition\LAGO2710.JPG","","","Unmatched - do not assign by appearance"
"10th edition\LAGO2732.JPG","","","Unmatched - do not assign by appearance"
"10th edition\LAGO2829.JPG","","","Unmatched - do not assign by appearance"
"10th edition\LAGO2935.JPG","","","Unmatched - do not assign by appearance"
"10th edition\LAGO2987.JPG","","","Unmatched - do not assign by appearance"
"10th edition\LAGO3103.JPG","","","Unmatched - do not assign by appearance"
"10th edition\LAGO3125.JPG","","","Unmatched - do not assign by appearance"
"10th edition\LAGO3135.JPG","","","Unmatched - do not assign by appearance"
"10th edition\LAGO3248.JPG","","","Unmatched - do not assign by appearance"
"10th edition\LAGO3274.JPG","","","Unmatched - do not assign by appearance"
"10th edition\LAGO3294.JPG","","","Unmatched - do not assign by appearance"
"10th edition\LAGO3317.JPG","","","Unmatched - do not assign by appearance"
"10th edition\LAGO3408.JPG","","","Unmatched - do not assign by appearance"
"10th edition\LAGO3420.JPG","","","Unmatched - do not assign by appearance"
"10th edition\LAGO3483.JPG","","","Unmatched - do not assign by appearance"
"10th edition\LAGO3486.JPG","","","Unmatched - do not assign by appearance"
"10th edition\LAGO3488.JPG","","","Unmatched - do not assign by appearance"
"10th edition\LAGO3496.JPG","","","Unmatched - do not assign by appearance"
"10th edition\LAGO3659.JPG","","","Unmatched - do not assign by appearance"
"10th edition\LAGO3723.JPG","","","Unmatched - do not assign by appearance"
"10th edition\LAGO3731.JPG","","","Unmatched - do not assign by appearance"
"10th edition\LAGO3739.JPG","","","Unmatched - do not assign by appearance"
"10th edition\LAGO3784.JPG","","","Unmatched - do not assign by appearance"
"10th edition\LAGO3861.JPG","","","Unmatched - do not assign by appearance"
"10th edition\LAGO3892.JPG","","","Unmatched - do not assign by appearance"
"10th edition\LAGO3919.JPG","","","Unmatched - do not assign by appearance"
"10th edition\LAGO3961.JPG","","","Unmatched - do not assign by appearance"
"10th edition\LAGO3991.JPG","","","Unmatched - do not assign by appearance"
"10th edition\LAGO4029.JPG","","","Unmatched - do not assign by appearance"
"10th edition\LAGO4036.JPG","","","Unmatched - do not assign by appearance"
"10th edition\LAGO4110.JPG","","","Unmatched - do not assign by appearance"
"10th edition\LAGO4140.JPG","","","Unmatched - do not assign by appearance"
"10th edition\LAGO4177.JPG","","","Unmatched - do not assign by appearance"
"10th edition\LAGO4269.JPG","","","Unmatched - do not assign by appearance"
"10th edition\LAGO4273.JPG","","","Unmatched - do not assign by appearance"
"10th edition\LAGO4302.JPG","","","Unmatched - do not assign by appearance"
"10th edition\LAGO4343.JPG","","","Unmatched - do not assign by appearance"
"11th Edition\IMG_0003.JPG","","","Unmatched - do not assign by appearance"
"11th Edition\IMG_0006.JPG","","","Unmatched - do not assign by appearance"
"11th Edition\IMG_0017 - Copy.JPG","","","Unmatched - do not assign by appearance"
"11th Edition\IMG_0027.JPG","","","Unmatched - do not assign by appearance"
"11th Edition\IMG_0033.JPG","","","Unmatched - do not assign by appearance"
"11th Edition\IMG_0042 - Copy.JPG","","","Unmatched - do not assign by appearance"
"11th Edition\IMG_0079.JPG","","","Unmatched - do not assign by appearance"
"11th Edition\IMG_0084.JPG","","","Unmatched - do not assign by appearance"
"11th Edition\IMG_0188.JPG","","","Unmatched - do not assign by appearance"
"11th Edition\IMG_0194.JPG","","","Unmatched - do not assign by appearance"
"11th Edition\IMG_0209.JPG","","","Unmatched - do not assign by appearance"
"11th Edition\IMG_0219.JPG","","","Unmatched - do not assign by appearance"
"11th Edition\IMG_0248.JPG","","","Unmatched - do not assign by appearance"
"11th Edition\IMG_0290.JPG","","","Unmatched - do not assign by appearance"
"11th Edition\IMG_0314.JPG","","","Unmatched - do not assign by appearance"
"11th Edition\IMG_0322.JPG","","","Unmatched - do not assign by appearance"
"11th Edition\IMG_0335.JPG","","","Unmatched - do not assign by appearance"
"11th Edition\IMG_0362.JPG","","","Unmatched - do not assign by appearance"
"11th Edition\IMG_0370.JPG","","","Unmatched - do not assign by appearance"
"11th Edition\IMG_0428 - Copy.JPG","","","Unmatched - do not assign by appearance"
"11th Edition\IMG_0453.JPG","","","Unmatched - do not assign by appearance"
"11th Edition\IMG_0465.JPG","","","Unmatched - do not assign by appearance"
"11th Edition\IMG_0495.JPG","","","Unmatched - do not assign by appearance"
"11th Edition\IMG_0498.JPG","","","Unmatched - do not assign by appearance"
"11th Edition\IMG_0511.JPG","","","Unmatched - do not assign by appearance"
"11th Edition\IMG_0527.JPG","","","Unmatched - do not assign by appearance"
"11th Edition\IMG_0569.JPG","","","Unmatched - do not assign by appearance"
"11th Edition\IMG_0587.JPG","","","Unmatched - do not assign by appearance"
"11th Edition\IMG_0622.JPG","","","Unmatched - do not assign by appearance"
"11th Edition\IMG_0665.JPG","","","Unmatched - do not assign by appearance"
"11th Edition\IMG_0670.JPG","","","Unmatched - do not assign by appearance"
"11th Edition\IMG_0689.JPG","","","Unmatched - do not assign by appearance"
"11th Edition\IMG_0690.JPG","","","Unmatched - do not assign by appearance"
"11th Edition\IMG_0696.JPG","","","Unmatched - do not assign by appearance"
"11th Edition\IMG_0698.JPG","","","Unmatched - do not assign by appearance"
"11th Edition\IMG_0708.JPG","","","Unmatched - do not assign by appearance"
"11th Edition\IMG_0722.JPG","","","Unmatched - do not assign by appearance"
"11th Edition\IMG_0725.JPG","","","Unmatched - do not assign by appearance"
"11th Edition\IMG_0755.JPG","","","Unmatched - do not assign by appearance"
"11th Edition\IMG_0794.JPG","","","Unmatched - do not assign by appearance"
"11th Edition\IMG_0825.JPG","","","Unmatched - do not assign by appearance"
"11th Edition\IMG_0832.JPG","","","Unmatched - do not assign by appearance"
"11th Edition\IMG_0842.JPG","","","Unmatched - do not assign by appearance"
"11th Edition\IMG_0873.JPG","","","Unmatched - do not assign by appearance"
"11th Edition\IMG_0937.JPG","","","Unmatched - do not assign by appearance"
"11th Edition\IMG_0960.JPG","","","Unmatched - do not assign by appearance"
"11th Edition\IMG_0968.JPG","","","Unmatched - do not assign by appearance"
"11th Edition\IMG_0974.JPG","","","Unmatched - do not assign by appearance"
"11th Edition\IMG_0975.JPG","","","Unmatched - do not assign by appearance"
"11th Edition\IMG_0981.JPG","","","Unmatched - do not assign by appearance"
"11th Edition\IMG_0986.JPG","","","Unmatched - do not assign by appearance"
"11th Edition\IMG_1009.JPG","","","Unmatched - do not assign by appearance"
"11th Edition\IMG_1027.JPG","","","Unmatched - do not assign by appearance"
"11th Edition\IMG_1048.JPG","","","Unmatched - do not assign by appearance"
"11th Edition\IMG_1061.JPG","","","Unmatched - do not assign by appearance"
"11th Edition\IMG_1088.JPG","","","Unmatched - do not assign by appearance"
"11th Edition\IMG_1117.JPG","","","Unmatched - do not assign by appearance"
"11th Edition\IMG_1126.JPG","","","Unmatched - do not assign by appearance"
"11th Edition\IMG_1129.JPG","","","Unmatched - do not assign by appearance"
"11th Edition\IMG_1132.JPG","","","Unmatched - do not assign by appearance"
"11th Edition\IMG_1133.JPG","","","Unmatched - do not assign by appearance"
"11th Edition\IMG_1135.JPG","","","Unmatched - do not assign by appearance"
"11th Edition\IMG_1137.JPG","","","Unmatched - do not assign by appearance"
"11th Edition\IMG_1142.JPG","","","Unmatched - do not assign by appearance"
"11th Edition\IMG_1168.JPG","","","Unmatched - do not assign by appearance"
"11th Edition\IMG_1182.JPG","","","Unmatched - do not assign by appearance"
"11th Edition\IMG_1190.JPG","","","Unmatched - do not assign by appearance"
"11th Edition\IMG_1254.JPG","","","Unmatched - do not assign by appearance"
"11th Edition\IMG_1266.JPG","","","Unmatched - do not assign by appearance"
"11th Edition\IMG_1344.JPG","","","Unmatched - do not assign by appearance"
"11th Edition\IMG_1349.JPG","","","Unmatched - do not assign by appearance"
"11th Edition\IMG_1381.JPG","","","Unmatched - do not assign by appearance"
"11th Edition\IMG_1527.JPG","","","Unmatched - do not assign by appearance"
"11th Edition\IMG_1546.JPG","","","Unmatched - do not assign by appearance"
"11th Edition\IMG_1552.JPG","","","Unmatched - do not assign by appearance"
"11th Edition\IMG_1556.JPG","","","Unmatched - do not assign by appearance"
"11th Edition\IMG_1594.JPG","","","Unmatched - do not assign by appearance"
"11th Edition\IMG_1619.JPG","","","Unmatched - do not assign by appearance"
"11th Edition\IMG_1628.JPG","","","Unmatched - do not assign by appearance"
"11th Edition\IMG_1652.JPG","","","Unmatched - do not assign by appearance"
"11th Edition\IMG_1667.JPG","","","Unmatched - do not assign by appearance"
"11th Edition\IMG_1677.JPG","","","Unmatched - do not assign by appearance"
"11th Edition\IMG_1684.JPG","","","Unmatched - do not assign by appearance"
"11th Edition\IMG_1690.JPG","","","Unmatched - do not assign by appearance"
"11th Edition\IMG_1698.JPG","","","Unmatched - do not assign by appearance"
"11th Edition\IMG_1701.JPG","","","Unmatched - do not assign by appearance"
"11th Edition\IMG_1707.JPG","","","Unmatched - do not assign by appearance"
"11th Edition\IMG_1715.JPG","","","Unmatched - do not assign by appearance"
"11th Edition\IMG_1741.JPG","","","Unmatched - do not assign by appearance"
"11th Edition\IMG_1767.JPG","","","Unmatched - do not assign by appearance"
"11th Edition\IMG_1772.JPG","","","Unmatched - do not assign by appearance"
"11th Edition\IMG_1786.JPG","","","Unmatched - do not assign by appearance"
"11th Edition\IMG_1803.JPG","","","Unmatched - do not assign by appearance"
"11th Edition\IMG_1853.JPG","","","Unmatched - do not assign by appearance"
"11th Edition\IMG_1867.JPG","","","Unmatched - do not assign by appearance"
"11th Edition\IMG_1891.JPG","","","Unmatched - do not assign by appearance"
"11th Edition\IMG_1901.JPG","","","Unmatched - do not assign by appearance"
"11th Edition\IMG_1971.JPG","","","Unmatched - do not assign by appearance"
"11th Edition\IMG_1973.JPG","","","Unmatched - do not assign by appearance"
"11th Edition\IMG_2000.JPG","","","Unmatched - do not assign by appearance"
"11th Edition\IMG_2027.JPG","","","Unmatched - do not assign by appearance"
"11th Edition\IMG_2040.JPG","","","Unmatched - do not assign by appearance"
"11th Edition\IMG_2061.JPG","","","Unmatched - do not assign by appearance"
"11th Edition\IMG_2072.JPG","","","Unmatched - do not assign by appearance"
"11th Edition\IMG_2086.JPG","","","Unmatched - do not assign by appearance"
"11th Edition\IMG_2126.JPG","","","Unmatched - do not assign by appearance"
"11th Edition\IMG_2135.JPG","","","Unmatched - do not assign by appearance"
"11th Edition\IMG_2168.JPG","","","Unmatched - do not assign by appearance"
"11th Edition\IMG_2197.JPG","","","Unmatched - do not assign by appearance"
"11th Edition\IMG_2224.JPG","","","Unmatched - do not assign by appearance"
"11th Edition\IMG_2263.JPG","","","Unmatched - do not assign by appearance"
"11th Edition\IMG_2304.JPG","","","Unmatched - do not assign by appearance"
"11th Edition\IMG_2324.JPG","","","Unmatched - do not assign by appearance"
"11th Edition\IMG_2344.JPG","","","Unmatched - do not assign by appearance"
"11th Edition\IMG_2345.JPG","","","Unmatched - do not assign by appearance"
"11th Edition\IMG_2426.JPG","","","Unmatched - do not assign by appearance"
"11th Edition\IMG_2432.JPG","","","Unmatched - do not assign by appearance"
"11th Edition\IMG_2442.JPG","","","Unmatched - do not assign by appearance"
"11th Edition\IMG_2455.JPG","","","Unmatched - do not assign by appearance"
"11th Edition\IMG_2468.JPG","","","Unmatched - do not assign by appearance"
"11th Edition\IMG_2484.JPG","","","Unmatched - do not assign by appearance"
"11th Edition\IMG_2490.JPG","","","Unmatched - do not assign by appearance"
"11th Edition\IMG_2497.JPG","","","Unmatched - do not assign by appearance"
"11th Edition\IMG_2500.JPG","","","Unmatched - do not assign by appearance"
"11th Edition\IMG_2503.JPG","","","Unmatched - do not assign by appearance"
"11th Edition\IMG_2512.JPG","","","Unmatched - do not assign by appearance"
"11th Edition\IMG_2521.JPG","","","Unmatched - do not assign by appearance"
"11th Edition\IMG_2524.JPG","","","Unmatched - do not assign by appearance"
"11th Edition\IMG_2526.JPG","","","Unmatched - do not assign by appearance"
"11th Edition\IMG_2529.JPG","","","Unmatched - do not assign by appearance"
"11th Edition\IMG_2542.JPG","","","Unmatched - do not assign by appearance"
"11th Edition\IMG_2554.JPG","","","Unmatched - do not assign by appearance"
"11th Edition\IMG_2557.JPG","","","Unmatched - do not assign by appearance"
"11th Edition\IMG_2574.JPG","","","Unmatched - do not assign by appearance"
"11th Edition\IMG_2599.JPG","","","Unmatched - do not assign by appearance"
"11th Edition\IMG_2613.JPG","","","Unmatched - do not assign by appearance"
"11th Edition\IMG_2614.JPG","","","Unmatched - do not assign by appearance"
"11th Edition\IMG_2631.JPG","","","Unmatched - do not assign by appearance"
"11th Edition\IMG_2644.JPG","","","Unmatched - do not assign by appearance"
